code,system
1569792,ICD10CM
1569792,ICD10CM
44836152,ICD10CM
44836152,ICD10CM
141933,ICD10CM
141933,ICD10CM
1569792,ICD10CM
1569792,ICD10CM
44836152,ICD10CM
44836152,ICD10CM
141933,ICD10CM
141933,ICD10CM
35208592,ICD10CM
35208592,ICD10CM
4312756,ICD10CM
4312756,ICD10CM
35208592,ICD10CM
35208592,ICD10CM
4312756,ICD10CM
4312756,ICD10CM
35208595,ICD10CM
35208595,ICD10CM
35208595,ICD10CM
35208595,ICD10CM
36715349,ICD10CM
36715349,ICD10CM
36715349,ICD10CM
36715349,ICD10CM
4263194,ICD10CM
4263194,ICD10CM
4263194,ICD10CM
4263194,ICD10CM
4300910,ICD10CM
4300910,ICD10CM
4300910,ICD10CM
4300910,ICD10CM
4300911,ICD10CM
4300911,ICD10CM
4300911,ICD10CM
4300911,ICD10CM
4300912,ICD10CM
4300912,ICD10CM
4300912,ICD10CM
4300912,ICD10CM
4300913,ICD10CM
4300913,ICD10CM
4300913,ICD10CM
4300913,ICD10CM
4300914,ICD10CM
4300914,ICD10CM
4300914,ICD10CM
4300914,ICD10CM